A,B
0,(elemental forces)
1,4
2,0
5,Abyssador
6,0
7,0
10,Achad
11,0
12,3
15,Aftershock
16,0
17,2
20,Alptramun
21,5
22,30
25,An Astral Glyph
26,0
27,0
30,An Observer Eye
31,0
32,0
35,Anmothra
36,0
37,0
40,Annihilon
41,0
42,0
45,Anomaly
46,0
47,7
50,Apprentice Sheng
51,0
52,1
55,Armenius
56,0
57,0
60,Arthei
61,0
62,1
65,Ashmunrah
66,0
67,0
70,Avalanche
71,0
72,2
75,Axeitus Headbanger
76,0
77,3
80,Azerus
81,0
82,0
85,Baron Brute
86,0
87,3
90,Battlemaster Zunzu
91,0
92,0
95,Bibby Bloodbath
96,0
97,12
100,Black Vixen
101,0
102,38
105,Bloodback
106,0
107,33
110,Bloodpaw
111,0
112,3
115,Boogey
116,0
117,1
120,Boreth
121,0
122,1
125,Bovinus
126,0
127,3
130,Bragrumol
131,0
132,6
135,Bretzecutioner
136,0
137,0
140,Brokul
141,0
142,2
145,Brother Chill
146,0
147,0
150,Brother Freeze
151,0
152,0
155,Bruise Payne
156,0
157,0
160,Brutus Bloodbeard
161,0
162,0
165,Bullwark
166,0
167,0
170,Burster
171,0
172,0
175,Chikhaton
176,0
177,0
180,Chizzoron the Distorter
181,0
182,0
185,Chopper
186,0
187,0
190,Coldheart
191,0
192,3
195,Colerian the Barbarian
196,0
197,3
200,Count Vlarkorth
201,0
202,7
205,Cublarc the Plunderer
206,0
207,0
210,Custodian
211,0
212,8
215,Damage Resonance
216,0
217,0
220,Darakan the Executioner
221,0
222,2
225,Darkfang
226,0
227,33
230,Deadeye Devious
231,0
232,0
235,Deathbine
236,0
237,10
240,Deathbringer
241,0
242,2
245,Deathstrike
246,0
247,0
250,Demodras
251,0
252,3
255,Despair
256,0
257,8
260,Destabilized Ferumbras
261,0
262,0
265,Dharalion
266,0
267,0
270,Diblis the Fair
271,0
272,0
275,Dipthrah
276,0
277,0
280,Dirtbeard
281,0
282,1
285,Doctor Perhaps
286,0
287,1
290,Doomhowl
291,0
292,3
295,Drasilla
296,0
297,2
300,Dreadwing
301,0
302,3
305,Duke Krule
306,0
307,7
310,Earl Osam
311,1
312,5
315,Emberwing
316,0
317,30
320,Eradicator
321,0
322,7
325,Esmeralda
326,0
327,1
330,Ethershreck
331,0
332,3
335,Evil Mastermind
336,0
337,1
340,Faceless Bane
341,0
342,14
345,Fahim the Wise
346,0
347,1
350,Fallen Mooh'Tah Master Ghar
351,0
352,2
355,Fatality
356,0
357,3
360,Fazzrah
361,0
362,4
365,Ferumbras Mortal Shell
366,0
367,0
370,Ferumbras Soul Splinter
371,0
372,0
375,Flameborn
376,0
377,1
380,Fleabringer
381,0
382,0
385,Fleshcrawler
386,0
387,10
390,Fleshslicer
391,0
392,1
395,Foreshock
396,0
397,2
400,Frenzy
401,0
402,0
405,Frostfur
406,0
407,3
410,Gaffir
411,0
412,103
415,Gaz'haragoth
416,0
417,0
420,General Murius
421,0
422,0
425,Ghulosh
426,0
427,0
430,Glitterscale
431,0
432,3
435,Gnomevil
436,0
437,0
440,Gnorre Chyllson
441,0
442,2
445,Golgordan
446,0
447,1
450,Gorgo
451,0
452,9
455,Gorzindel
456,0
457,0
460,Grand Canon Dominus
461,0
462,89
465,Grand Chaplain Gaunder
466,1
467,17
470,Grand Commander Soeren
471,0
472,37
475,Grand Master Oberon
476,1
477,157
480,Grand Mother Foulscale
481,0
482,0
485,Greed
486,0
487,0
490,Grimgor Guteater
491,0
492,2
495,Groam
496,0
497,0
500,Grorlam
501,0
502,0
505,Grovebeast
506,0
507,23
510,Guard Captain Quaid
511,1
512,110
515,Haunter
516,0
517,3
520,Hellgorak
521,0
522,0
525,Hemming
526,0
527,0
530,Heoni
531,0
532,2
535,Hide
536,0
537,12
540,Horadron
541,0
542,0
545,Incineron
546,0
547,3
550,Inky
551,0
552,0
555,Irahsae
556,0
557,0
560,Izcandar Champion of Summer
561,0
562,0
565,Izcandar Champion of Winter
566,0
567,0
570,Izcandar the Banished
571,0
572,0
575,Jailer
576,0
577,47
580,Kerberos
581,0
582,2
585,King Zelos
586,0
587,3
590,Koshei the Deathless
591,0
592,3
595,Kraknaknork
596,0
597,1
600,Kreebosh the Exile
601,0
602,2
605,Kroazur
606,1
607,66
610,Lady Tenebris
611,1
612,3
615,Last Planegazer
616,0
617,1
620,Latrivan
621,0
622,1
625,Leiden
626,0
627,10
630,Lersatio
631,0
632,1
635,Lethal Lissy
636,0
637,1
640,Leviathan
641,0
642,0
645,Lloyd
646,0
647,2
650,Lokathmor
651,0
652,0
655,Lord Azaram
656,0
657,5
660,Madareth
661,0
662,0
665,Mahrdis
666,0
667,0
670,Malofur Mangrinder
671,0
672,0
675,Mamma Longlegs
676,0
677,0
680,Marziel
681,0
682,1
685,Massacre
686,0
687,0
690,Maw
691,0
692,0
695,Maxxenius
696,0
697,0
700,Mazoran
701,0
702,0
705,Mazzinor
706,0
707,0
710,Menace
711,0
712,3
715,Mephiles
716,0
717,1
720,Merikh the Slaughterer
721,0
722,0
725,Mindmasher
726,0
727,8
730,Monstor
731,0
732,1
735,Mooh'Tah masters
736,1
737,0
740,Morguthis
741,0
742,0
745,Morik the Gladiator
746,0
747,2
750,Mozradek
751,0
752,0
755,Mr. Punish
756,0
757,0
760,Munster
761,0
762,0
765,Norgle Glacierbeard
766,0
767,2
770,Omrafir
771,0
772,0
775,Omruc
776,0
777,0
780,Oodok Witchmaster
781,0
782,0
785,Orcus the Cruel
786,0
787,3
790,Outburst
791,0
792,7
795,Paiz the Pauperizer
796,0
797,0
800,Phrodomo
801,0
802,0
805,Plagirath
806,0
807,1
810,Plagueroot
811,0
812,0
815,Preceptor Lazare
816,0
817,45
820,Pythius the Rotten
821,0
822,0
825,Rage of Mazoran
826,0
827,0
830,Rahemos
831,0
832,0
835,Raxias
836,0
837,1
840,Razzagorn
841,0
842,0
845,Realityquake
846,0
847,2
850,Ribstride
851,0
852,11
855,Rocko
856,0
857,2
860,Rocky
861,0
862,3
865,Ron the Ripper
866,0
867,0
870,Rotspit
871,0
872,0
875,Rupture
876,0
877,0
880,Scarlett Etzel
881,1
882,394
885,Shadow of Boreth
886,0
887,0
890,Shadow of Lersatio
891,0
892,1
895,Shadowpelt
896,0
897,33
900,Shadowstalker
901,0
902,1
905,Shard of Corruption
906,0
907,7
910,Shardhead
911,0
912,2
915,Sharpclaw
916,0
917,33
920,Sharptooth
921,0
922,0
925,Shulgrax
926,0
927,1
930,Sir Baeloc
931,0
932,5
935,Sir Nictros
936,0
937,4
940,Sir Valorcrest
941,0
942,0
945,Skullfrost
946,0
947,3
950,Slim
951,0
952,2
955,Soul of Dragonking Zyrtarch
956,0
957,1
960,Splasher
961,0
962,0
965,Stonecracker
966,0
967,1
970,Sulphur Scuttler
971,0
972,1
975,Svoren the Mad
976,0
977,2
980,Tanjis
981,0
982,0
985,Tarbaz
986,0
987,1
990,Teleskor
991,0
992,1
995,Teneshpar
996,0
997,0
1000,Thalas
1001,0
1002,0
1005,The Axeorcist
1006,0
1007,3
1010,The Baron From Below
1011,0
1012,2
1015,The Big Bad One
1016,0
1017,0
1020,The Blazing Rose
1021,0
1022,0
1025,The Blazing Time Guardian
1026,0
1027,1
1030,The Blightfather
1031,0
1032,0
1035,The Bloodtusk
1036,0
1037,4
1040,The Bloodweb
1041,0
1042,4
1045,The Collector
1046,0
1047,0
1050,The Count
1051,0
1052,1
1055,The Count Of The Core
1056,0
1057,0
1060,The Dark Dancer
1061,0
1062,2
1065,The Destruction
1066,0
1067,0
1070,The Dreadorian
1071,0
1072,3
1075,The Duke Of The Depths
1076,0
1077,2
1080,The Flaming Orchid
1081,0
1082,3
1085,The Hag
1086,0
1087,2
1090,The Hairy One
1091,0
1092,3
1095,The Horned Fox
1096,0
1097,2
1100,The Hunger
1101,0
1102,0
1105,The Hungry Baron From Below
1106,0
1107,0
1110,The Imperor
1111,0
1112,0
1115,The Keeper
1116,0
1117,4
1120,The Last Lore Keeper
1121,0
1122,0
1125,The Lord of the Lice
1126,0
1127,3
1130,The Many
1131,0
1132,12
1135,The Masked Marauder
1136,0
1137,2
1140,The Mutated Pumpkin
1141,0
1142,5
1145,The Nightmare Beast
1146,0
1147,5
1150,The Noxious Spawn
1151,0
1152,6
1155,The Obliverator
1156,0
1157,2
1160,The Old Whopper
1161,0
1162,0
1165,The Old Widow
1166,0
1167,13
1170,The Pit Lord
1171,0
1172,2
1175,The Plasmother
1176,0
1177,0
1180,The Rage
1181,0
1182,0
1185,The Ravager
1186,0
1187,1
1190,The Sandking
1191,0
1192,0
1195,The Scourge Of Oblivion
1196,0
1197,0
1200,The Shatterer
1201,0
1202,0
1205,The Sinister Hermit
1206,0
1207,0
1210,The Snapper
1211,0
1212,7
1215,The Souldespoiler
1216,0
1217,0
1220,The Spellstealer
1221,0
1222,0
1225,The Welter
1226,0
1227,0
1230,The fire empowered Duke
1231,0
1232,0
1235,The weakened Count
1236,0
1237,2
1240,Thul
1241,0
1242,2
1245,Thundergiant
1246,0
1247,10
1250,Tiquandas Revenge
1251,0
1252,3
1255,Tirecz
1256,0
1257,3
1260,Tormentor
1261,0
1262,0
1265,Tremorak
1266,0
1267,3
1270,Tromphonyte
1271,0
1272,0
1275,Tyrn
1276,0
1277,1
1280,Ungreez
1281,0
1282,3
1285,Urmahlullu the Immaculate
1286,2
1287,0
1290,Urmahlullu the Tamed
1291,1
1292,0
1295,Urmahlullu the Weakened
1296,0
1297,64
1300,Ushuriel
1301,0
1302,0
1305,Vashresamun
1306,0
1307,0
1310,Versperoth
1311,0
1312,0
1315,Webster
1316,0
1317,2
1320,Wildness of Urmahlullu
1321,0
1322,66
1325,Willi Wasp
1326,0
1327,0
1330,Wisdom of Urmahlullu
1331,1
1332,64
1335,World Devourer
1336,0
1337,0
1340,Xenia
1341,0
1342,0
1345,Xogixath
1346,0
1347,1
1350,Yakchal
1351,0
1352,0
1355,Zamulosh
1356,0
1357,1
1360,Zanakeph
1361,0
1362,2
1365,Zavarash
1366,0
1367,0
1370,Zevelon Duskbringer
1371,0
1372,0
1375,Zomba
1376,0
1377,0
1380,Zugurosh
1381,0
1382,12
1385,Zulazza the Corruptor
1386,0
1387,0
1390,abyssal calamaries
1391,0
1392,7
1395,acid blobs
1396,0
1397,681
1400,acolytes of the cult
1401,1
1402,5150
1405,adepts of the cult
1406,1
1407,4621
1410,adult goannas
1411,0
1412,63
1415,adventurers
1416,0
1417,180
1420,amazons
1421,2
1422,12094
1425,ancient scarabs
1426,6
1427,5964
1430,angry adventurers
1431,0
1432,10
1435,angry demons
1436,0
1437,0
1440,animated clomps
1441,0
1442,1
1445,animated cyclopes
1446,0
1447,2
1450,animated feathers
1451,0
1452,549
1455,animated guzzlemaws
1456,0
1457,0
1460,animated moohtants
1461,0
1462,3
1465,animated mummies
1466,0
1467,6
1470,animated ogre brutes
1471,0
1472,1
1475,animated ogre savages
1476,0
1477,1
1480,animated ogre shamans
1481,0
1482,1
1485,animated rotworms
1486,0
1487,4
1490,animated skunks
1491,0
1492,11
1495,animated swords
1496,0
1497,0
1500,arachnophobicas
1501,10
1502,9262
1505,arctic fauns
1506,0
1507,0
1510,armadiles
1511,0
1512,8
1515,askarak demons
1516,0
1517,16
1520,askarak lords
1521,0
1522,0
1525,askarak princes
1526,0
1527,0
1530,assassins
1531,0
1532,2235
1535,azure frogs
1536,0
1537,674
1540,badgers
1541,0
1542,6263
1545,bandits
1546,0
1547,1677
1550,banshees
1551,1
1552,596
1555,barbarian bloodwalkers
1556,0
1557,301
1560,barbarian brutetamers
1561,0
1562,224
1565,barbarian headsplitters
1566,0
1567,487
1570,barbarian skullhunters
1571,0
1572,378
1575,barkless devotees
1576,0
1577,1758
1580,barkless fanatics
1581,0
1582,1475
1585,bats
1586,0
1587,3214
1590,bears
1591,1
1592,771
1595,behemoths
1596,2
1597,1766
1600,berserker chickens
1601,0
1602,13
1605,betrayed wraiths
1606,2
1607,1420
1610,biting books
1611,0
1612,273
1615,black cobras
1616,0
1617,152
1620,black knights
1621,0
1622,11
1625,black sheep
1626,0
1627,35
1630,black sphinx acolytes
1631,1
1632,1058
1635,blightwalkers
1636,1
1637,417
1640,blood beasts
1641,5
1642,6195
1645,blood crabs
1646,1
1647,13205
1650,blood hands
1651,1
1652,105
1655,blood priests
1656,0
1657,722
1660,blue djinns
1661,1
1662,615
1665,boars
1666,0
1667,276
1670,bog frogs
1671,0
1672,418
1675,bog raiders
1676,1
1677,702
1680,bonebeasts
1681,3
1682,9482
1685,bonelords
1686,1
1687,2447
1690,boogies
1691,0
1692,309
1695,bound astral power
1696,0
1697,0
1700,brain squids
1701,0
1702,0
1705,braindeaths
1706,1
1707,1420
1710,breach broods
1711,0
1712,1021
1715,brimstone bugs
1716,0
1717,873
1720,brittle skeletons
1721,1
1722,124
1725,broken shapers
1726,0
1727,29
1730,bugs
1731,14
1732,2202
1735,burning books
1736,1
1737,1845
1740,burning gladiators
1741,2
1742,2526
1745,burster spectres
1746,7
1747,10494
1750,butterflies
1751,0
1752,402
1755,calamaries
1756,0
1757,12
1760,canopic jars
1761,0
1762,15
1765,carniphilas
1766,1
1767,3123
1770,carrion worms
1771,0
1772,1024
1775,cats
1776,0
1777,252
1780,cave devourers
1781,0
1782,1749
1785,cave parrots
1786,0
1787,28
1790,cave rats
1791,1
1792,2450
1795,cave spiders
1796,0
1797,0
1800,centipedes
1801,0
1802,2150
1805,chakoya toolshapers
1806,0
1807,119
1810,chakoya tribewardens
1811,0
1812,195
1815,chakoya windcallers
1816,0
1817,36
1820,charged energy elementals
1821,0
1822,0
1825,chargers
1826,0
1827,641
1830,charging Outburst
1831,0
1832,20
1835,chasm spawns
1836,0
1837,50
1840,chickens
1841,0
1842,1184
1845,choking fears
1846,3
1847,2377
1850,clay guardians
1851,0
1852,700
1855,cliff striders
1856,0
1857,0
1860,clomps
1861,1
1862,294
1865,cobra assassins
1866,3
1867,92
1870,cobra scouts
1871,0
1872,19
1875,cobra viziers
1876,0
1877,26
1880,cobras
1881,0
1882,1744
1885,control towers
1886,0
1887,0
1890,coral frogs
1891,0
1892,483
1895,corrupted souls
1896,0
1897,53
1900,corym charlatans
1901,1
1902,7408
1905,corym skirmishers
1906,6
1907,5418
1910,corym vanguards
1911,4
1912,1478
1915,cosmic energy prism A
1916,0
1917,2
1920,cosmic energy prism B
1921,0
1922,2
1925,cosmic energy prism C
1926,0
1927,2
1930,cosmic energy prism D
1931,0
1932,2
1935,crabs
1936,0
1937,1196
1940,crawlers
1941,0
1942,1425
1945,crazed beggars
1946,0
1947,226
1950,crazed dwarfs
1951,0
1952,33
1955,crazed summer rearguards
1956,5
1957,7104
1960,crazed summer vanguards
1961,4
1962,5108
1965,crazed winter rearguards
1966,1
1967,1873
1970,crazed winter vanguards
1971,0
1972,1905
1975,crimson frogs
1976,0
1977,641
1980,crocodiles
1981,1
1982,3965
1985,crustaceae giganticae
1986,0
1987,1
1990,crypt defilers
1991,0
1992,0
1995,crypt shamblers
1996,1
1997,3790
2000,crypt wardens
2001,3
2002,1600
2005,crystal spiders
2006,2
2007,1406
2010,crystal wolves
2011,0
2012,1
2015,crystalcrushers
2016,1
2017,636
2020,cult believers
2021,0
2022,4752
2025,cult enforcers
2026,1
2027,1392
2030,cult scholars
2031,1
2032,364
2035,cursed books
2036,0
2037,0
2040,cursed gladiators
2041,0
2042,3
2045,cyclopes
2046,8
2047,9886
2050,cyclopes drone
2051,2
2052,2871
2055,cyclopes smith
2056,2
2057,2278
2060,damaged crystal golems
2061,0
2062,4
2065,damaged worker golems
2066,0
2067,240
2070,damned souls
2071,0
2072,20
2075,dark apprentices
2076,0
2077,1633
2080,dark fauns
2081,1
2082,622
2085,dark magicians
2086,0
2087,1389
2090,dark monks
2091,0
2092,2645
2095,dark torturers
2096,7
2097,7545
2100,dawn bats
2101,0
2102,42
2105,dawn scorpions
2106,0
2107,0
2110,dawnfire asuras
2111,1
2112,9552
2115,dawnflies
2116,5
2117,515
2120,dazed leaf golems
2121,0
2122,8
2125,death blobs
2126,0
2127,2370
2130,death priest Shargon
2131,0
2132,1
2135,death priests
2136,0
2137,5
2140,deathling scouts
2141,0
2142,1662
2145,deathling spellsingers
2146,0
2147,1050
2150,deathspawns
2151,0
2152,0
2155,deepling brawlers
2156,0
2157,0
2160,deepling elites
2161,0
2162,5
2165,deepling guards
2166,0
2167,222
2170,deepling master librarians
2171,0
2172,15
2175,deepling scouts
2176,0
2177,337
2180,deepling spellsingers
2181,0
2182,327
2185,deepling tyrants
2186,0
2187,23
2190,deepling warriors
2191,0
2192,393
2195,deepling workers
2196,0
2197,0
2200,deepsea blood crabs
2201,0
2202,260
2205,deepworms
2206,0
2207,970
2210,deer
2211,0
2212,771
2215,defilers
2216,0
2217,428
2220,demon outcasts
2221,6
2222,6733
2225,demon parrots
2226,0
2227,4
2230,demon skeletons
2231,4
2232,4614
2235,demons
2236,4
2237,3636
2240,depolarized cracklers
2241,0
2242,0
2245,depowered minotaurs
2246,0
2247,7
2250,desperate white deer
2251,0
2252,124
2255,destroyers
2256,0
2257,2886
2260,devourers
2261,1
2262,4335
2265,diabolic imps
2266,0
2267,2
2270,diamond servant replicas
2271,0
2272,49
2275,diamond servants
2276,0
2277,232
2280,dire penguins
2281,0
2282,0
2285,diremaws
2286,1
2287,1787
2290,diseased Bills
2291,0
2292,2
2295,diseased Dans
2296,0
2297,2
2300,diseased Freds
2301,0
2302,3
2305,disgusting oozes
2306,0
2307,38
2310,disruptions
2311,0
2312,0
2315,dogs
2316,0
2317,244
2320,doom deer
2321,0
2322,14
2325,dragon hatchlings
2326,0
2327,3692
2330,dragon lord hatchlings
2331,1
2332,1361
2335,dragon lords
2336,8
2337,7223
2340,dragon servants
2341,0
2342,7
2345,dragon wraths
2346,0
2347,0
2350,dragonlings
2351,0
2352,0
2355,dragons
2356,13
2357,13289
2360,draken abominations
2361,0
2362,583
2365,draken elites
2366,0
2367,408
2370,draken spellweavers
2371,1
2372,3165
2375,draken warmasters
2376,0
2377,3634
2380,draptors
2381,0
2382,0
2385,dread intruders
2386,0
2387,782
2390,dreadbeasts
2391,0
2392,2
2395,drillworms
2396,0
2397,1292
2400,dromedaries
2401,0
2402,319
2405,dwarf dispensers
2406,0
2407,0
2410,dwarf geomancers
2411,0
2412,12
2415,dwarf guards
2416,2
2417,1008
2420,dwarf henchmen
2421,0
2422,52
2425,dwarf miners
2426,0
2427,25
2430,dwarf soldiers
2431,5
2432,2187
2435,dwarfs
2436,0
2437,1791
2440,dworc fleshhunters
2441,0
2442,546
2445,dworc venomsnipers
2446,0
2447,398
2450,dworc voodoomasters
2451,0
2452,1085
2455,earth elementals
2456,2
2457,474
2460,earworms
2461,0
2462,54
2465,efreet
2466,0
2467,31
2470,eggs
2471,0
2472,0
2475,elder bonelords
2476,0
2477,518
2480,elder forest furies
2481,0
2482,0
2485,elder mummies
2486,0
2487,53
2490,elder wyrms
2491,5
2492,1322
2495,elephants
2496,0
2497,303
2500,elf arcanists
2501,1
2502,2191
2505,elf overseers
2506,0
2507,0
2510,elf scouts
2511,0
2512,2614
2515,elves
2516,0
2517,1894
2520,emerald damselflies
2521,1
2522,2161
2525,energetic books
2526,0
2527,1
2530,energized raging mages
2531,0
2532,20
2535,energuardians of tales
2536,0
2537,0
2540,energy elementals
2541,0
2542,4581
2545,enfeebled silencers
2546,2
2547,7072
2550,enlighteneds of the cult
2551,0
2552,1379
2555,enraged bookworms
2556,0
2557,12
2560,enraged crystal golems
2561,0
2562,192
2565,enraged souls
2566,0
2567,2
2570,enraged squirrels
2571,0
2572,20
2575,enraged white deer
2576,0
2577,19
2580,enslaved dwarfs
2581,0
2582,55
2585,enthralled demons
2586,0
2587,0
2590,eruption of destruction
2591,0
2592,0
2595,eternal guardians
2596,1
2597,2436
2600,evil sheep
2601,0
2602,15
2605,evil sheep lord
2606,0
2607,3
2610,execowtioners
2611,1
2612,102
2615,eyes of the seven
2616,0
2617,0
2620,falcon knights
2621,4
2622,6922
2625,falcon paladins
2626,10
2627,5622
2630,fauns
2631,0
2632,466
2635,feral sphinxes
2636,3
2637,92
2640,feverish citizens
2641,0
2642,0
2645,feversleeps
2646,0
2647,0
2650,filth toads
2651,0
2652,76
2655,fire devils
2656,0
2657,316
2660,fire elementals
2661,1
2662,5448
2665,firestarters
2666,2
2667,2356
2670,fish
2671,0
2672,44
2675,flames of omrafir
2676,0
2677,0
2680,flamethrowers
2681,0
2682,0
2685,flamingos
2686,0
2687,123
2690,floating savants
2691,3
2692,499
2695,forest furies
2696,0
2697,1534
2700,foxes
2701,0
2702,5908
2705,frazzlemaws
2706,3
2707,7510
2710,frost dragon hatchlings
2711,1
2712,1775
2715,frost dragons
2716,6
2717,2387
2720,frost flower asuras
2721,1
2722,255
2725,frost giantesses
2726,0
2727,214
2730,frost giants
2731,0
2732,288
2735,frost trolls
2736,0
2737,493
2740,frozen minions
2741,0
2742,47
2745,furies
2746,3
2747,2834
2750,furious fire elementals
2751,0
2752,1
2755,furious scorpions
2756,0
2757,1
2760,furious trolls
2761,0
2762,51
2765,fury of the emperor
2766,0
2767,0
2770,gang members
2771,0
2772,227
2775,gargoyles
2776,0
2777,6335
2780,gazer spectres
2781,3
2782,11176
2785,gazers
2786,0
2787,945
2790,ghastly dragons
2791,0
2792,1160
2795,ghost wolves
2796,0
2797,0
2800,ghosts
2801,0
2802,3263
2805,ghoulish hyaenas
2806,0
2807,149
2810,ghouls
2811,0
2812,11846
2815,giant spiders
2816,8
2817,9553
2820,gladiators
2821,0
2822,304
2825,gloom wolves
2826,0
2827,110
2830,glooth anemones
2831,0
2832,1998
2835,glooth bandits
2836,1
2837,6551
2840,glooth batteries
2841,0
2842,0
2845,glooth blobs
2846,0
2847,7863
2850,glooth brigands
2851,2
2852,6344
2855,glooth golems
2856,0
2857,2059
2860,gnarlhounds
2861,0
2862,165
2865,gnome pack crawlers
2866,0
2867,0
2870,goblin assassins
2871,0
2872,150
2875,goblin leaders
2876,0
2877,6
2880,goblin scavengers
2881,0
2882,277
2885,goblins
2886,0
2887,1072
2890,golden servant replicas
2891,0
2892,51
2895,golden servants
2896,0
2897,809
2900,goldhanded cultist brides
2901,0
2902,0
2905,goldhanded cultists
2906,0
2907,0
2910,gozzlers
2911,0
2912,325
2915,grave guards
2916,0
2917,53
2920,grave robbers
2921,0
2922,0
2925,gravediggers
2926,0
2927,139
2930,greater canopic jars
2931,0
2932,4
2935,greater death minions
2936,0
2937,1
2940,green djinns
2941,0
2942,102
2945,green frogs
2946,0
2947,166
2950,grim reapers
2951,4
2952,6541
2955,grimeleeches
2956,1
2957,3853
2960,gryphons
2961,0
2962,0
2965,guardians of tales
2966,0
2967,533
2970,guzzlemaws
2971,10
2972,2389
2975,hands of cursed fate
2976,0
2977,507
2980,haunted treelings
2981,0
2982,735
2985,hellfire fighters
2986,1
2987,513
2990,hellflayers
2991,1
2992,2271
2995,hellhounds
2996,3
2997,918
3000,hellspawns
3001,3
3002,8829
3005,heroes
3006,5
3007,7133
3010,hideous fungi
3011,7
3012,37
3015,high voltage elementals
3016,0
3017,138
3020,hive overseers
3021,1
3022,39
3025,honour guards
3026,0
3027,148
3030,horses
3031,0
3032,12
3035,hot dogs
3036,0
3037,0
3040,humongous fungi
3041,2
3042,96
3045,humorless fungi
3046,0
3047,129
3050,hunters
3051,0
3052,1747
3055,huskies
3056,0
3057,37
3060,hyaenas
3061,0
3062,791
3065,hydras
3066,1
3067,7448
3070,ice golems
3071,1
3072,1802
3075,ice witches
3076,0
3077,204
3080,icecold books
3081,0
3082,562
3085,infected weepers
3086,0
3087,0
3090,infernal frogs
3091,0
3092,9
3095,infernalists
3096,0
3097,91
3100,ink blobs
3101,1
3102,180
3105,insane sirens
3106,1
3107,1718
3110,insect swarms
3111,0
3112,109
3115,insectoid workers
3116,0
3117,934
3120,instable breach broods
3121,0
3122,0
3125,instable sparkions
3126,0
3127,0
3130,iron servant replicas
3131,0
3132,91
3135,iron servants
3136,0
3137,993
3140,ironblights
3141,0
3142,0
3145,island trolls
3146,0
3147,884
3150,jellyfish
3151,0
3152,56
3155,juggernauts
3156,3
3157,1526
3160,juvenile cyclopes
3161,0
3162,6
3165,killer caimans
3166,0
3167,383
3170,killer rabbits
3171,0
3172,18
3175,knowledge elementals
3176,0
3177,2
3180,knowledge raiders
3181,0
3182,0
3185,kollos
3186,0
3187,368
3190,kongras
3191,0
3192,3781
3195,ladybugs
3196,0
3197,45
3200,lamassus
3201,7
3202,1498
3205,lancer beetles
3206,1
3207,251
3210,larvas
3211,1
3212,9305
3215,lava golems
3216,0
3217,27
3220,lava lurker attendants
3221,0
3222,276
3225,lava lurkers
3226,0
3227,13
3230,lavaholes
3231,0
3232,0
3235,leaf golems
3236,0
3237,125
3240,lesser death minions
3241,0
3242,13
3245,lesser fire devils
3246,0
3247,7
3250,lesser swarmers
3251,0
3252,504
3255,liches
3256,0
3257,692
3260,lions
3261,0
3262,587
3265,little corym charlatans
3266,0
3267,15
3270,lizard abomination
3271,0
3272,0
3275,lizard chosens
3276,7
3277,2964
3280,lizard dragon priests
3281,1
3282,813
3285,lizard gate guardians
3286,0
3287,1
3290,lizard high guards
3291,3
3292,3299
3295,lizard legionnaires
3296,1
3297,1886
3300,lizard magistratuses
3301,0
3302,29
3305,lizard nobles
3306,0
3307,13
3310,lizard sentinels
3311,0
3312,238
3315,lizard snakecharmers
3316,0
3317,93
3320,lizard templars
3321,0
3322,276
3325,lizard zaoguns
3326,0
3327,526
3330,lost bashers
3331,1
3332,372
3335,lost berserkers
3336,0
3337,0
3340,lost exiles
3341,0
3342,92
3345,lost gnomes
3346,0
3347,18
3350,lost hushers
3351,0
3352,207
3355,lost souls
3356,0
3357,946
3360,lost throwers
3361,0
3362,274
3365,lost times
3366,0
3367,13
3370,lucifuga araneas
3371,0
3372,0
3375,lumbering carnivors
3376,2
3377,7099
3380,mad mages
3381,0
3382,4
3385,mad scientists
3386,0
3387,318
3390,mad sheep
3391,0
3392,1
3395,mad technomancers
3396,0
3397,2
3400,magical spheres
3401,0
3402,39
3405,magma crawlers
3406,0
3407,0
3410,makeshift homes
3411,0
3412,32
3415,mammoths
3416,2
3417,2169
3420,man in the cave
3421,0
3422,0
3425,manta rays
3426,0
3427,8
3430,manticores
3431,1
3432,56
3435,marid
3436,0
3437,135
3440,marsh stalkers
3441,0
3442,2205
3445,massive earth elementals
3446,0
3447,215
3450,massive energy elementals
3451,0
3452,10
3455,massive fire elementals
3456,0
3457,410
3460,massive water elementals
3461,0
3462,55
3465,meadow striders
3466,5
3467,532
3470,mean minions
3471,0
3472,0
3475,mechanical fighters
3476,0
3477,49
3480,medusae
3481,4
3482,4819
3485,melting frozen horrors
3486,0
3487,1
3490,menacing carnivors
3491,0
3492,2270
3495,mercury blobs
3496,0
3497,592
3500,merlkins
3501,0
3502,1401
3505,metal gargoyles
3506,1
3507,159
3510,midnight asuras
3511,3
3512,9552
3515,midnight panthers
3516,0
3517,0
3520,minions of Gaz'haragoth
3521,0
3522,0
3525,minions of Versperoth
3526,0
3527,0
3530,minotaur amazons
3531,0
3532,80
3535,minotaur archers
3536,3
3537,3821
3540,minotaur bruisers
3541,0
3542,114
3545,minotaur cult followers
3546,0
3547,1698
3550,minotaur cult prophets
3551,0
3552,559
3555,minotaur cult zealots
3556,0
3557,498
3560,minotaur guards
3561,4
3562,5876
3565,minotaur hunters
3566,12
3567,6334
3570,minotaur invaders
3571,0
3572,136
3575,minotaur mages
3576,3
3577,2202
3580,minotaur occultists
3581,0
3582,0
3585,minotaur poachers
3586,0
3587,28
3590,minotaurs
3591,2
3592,9487
3595,misguided bullies
3596,0
3597,0
3600,misguided shadows
3601,0
3602,0
3605,misguided thieves
3606,0
3607,0
3610,modified gnarlhounds
3611,0
3612,3
3615,moles
3616,0
3617,8
3620,monks
3621,0
3622,1462
3625,mooh'tah warriors
3626,3
3627,7871
3630,moohtants
3631,1
3632,85
3635,mountain trolls
3636,4
3637,4456
3640,mounted Thorn Knights
3641,0
3642,3
3645,muglex clan assassins
3646,0
3647,60
3650,muglex clan feetman
3651,0
3652,123
3655,muglex clan scavengers
3656,0
3657,72
3660,mummies
3661,1
3662,5780
3665,museum stone golems
3666,0
3667,2
3670,museum stone rhinos
3671,0
3672,2
3675,mushroom sniffers
3676,0
3677,36
3680,mutated Zalamon
3681,0
3682,0
3685,mutated bats
3686,1
3687,2125
3690,mutated humans
3691,2
3692,2600
3695,mutated rats
3696,2
3697,1366
3700,mutated tigers
3701,0
3702,3354
3705,mystic energy
3706,0
3707,0
3710,necromancer servants
3711,0
3712,1
3715,necromancers
3716,0
3717,2562
3720,neutral deepling warriors
3721,0
3722,0
3725,nightmare scions
3726,1
3727,5060
3730,nightmares
3731,3
3732,1553
3735,nightmares of Gaz'haragoth
3736,0
3737,0
3740,nightstalkers
3741,0
3742,129
3745,noble lions
3746,0
3747,100
3750,nomads
3751,0
3752,3173
3755,northern pikes
3756,0
3757,6
3760,novices of the cult
3761,0
3762,3791
3765,nymphs
3766,1
3767,713
3770,ogre brutes
3771,2
3772,342
3775,ogre rowdies
3776,2
3777,9
3780,ogre ruffians
3781,0
3782,6
3785,ogre sages
3786,0
3787,5
3790,ogre savages
3791,0
3792,156
3795,ogre shamans
3796,0
3797,340
3800,omnivoras
3801,1
3802,646
3805,orc berserkers
3806,2
3807,1688
3810,orc cult fanatics
3811,0
3812,48
3815,orc cult inquisitors
3816,0
3817,78
3820,orc cult minions
3821,0
3822,97
3825,orc cult priests
3826,0
3827,20
3830,orc cultists
3831,0
3832,19
3835,orc leaders
3836,0
3837,534
3840,orc marauders
3841,0
3842,25
3845,orc riders
3846,3
3847,53
3850,orc shamans
3851,0
3852,1667
3855,orc spearmen
3856,0
3857,1616
3860,orc warlords
3861,3
3862,152
3865,orc warriors
3866,1
3867,2174
3870,orchid frogs
3871,0
3872,402
3875,orclops doomhaulers
3876,0
3877,57
3880,orclops ravagers
3881,0
3882,38
3885,orcs
3886,0
3887,1922
3890,orewalkers
3891,0
3892,0
3895,overcharged energy elements
3896,0
3897,0
3900,overcharges
3901,0
3902,45
3905,pandas
3906,0
3907,72
3910,parasites
3911,0
3912,44
3915,parrots
3916,0
3917,44
3920,party skeletons
3921,0
3922,0
3925,penguins
3926,0
3927,741
3930,phantasms
3931,0
3932,638
3935,pigeons
3936,0
3937,243
3940,pigs
3941,0
3942,156
3945,pillars of draining
3946,0
3947,0
3950,pillars of healing
3951,0
3952,0
3955,pillars of protection
3956,0
3957,0
3960,pirate buccaneers
3961,0
3962,639
3965,pirate corsairs
3966,0
3967,192
3970,pirate cutthroats
3971,0
3972,1408
3975,pirate ghosts
3976,0
3977,31
3980,pirate marauders
3981,1
3982,2284
3985,pirate skeletons
3986,0
3987,90
3990,pit battlers
3991,0
3992,0
3995,pit destroyers
3996,1
3997,59
4000,pit grovellers
4001,0
4002,0
4005,pit maimers
4006,0
4007,0
4010,pit reavers
4011,0
4012,40
4015,pit scourges
4016,0
4017,64
4020,pixies
4021,0
4022,747
4025,plaguesmiths
4026,2
4027,4606
4030,plaguethrowers
4031,0
4032,0
4035,players
4036,623
4037,623
4040,poachers
4041,0
4042,1408
4045,poison spiders
4046,0
4047,8876
4050,polar bears
4051,0
4052,657
4055,poodles
4056,0
4057,0
4060,pookas
4061,0
4062,309
4065,possessed trees
4066,0
4067,18
4070,priestesses
4071,1
4072,441
4075,priestesses of the wild sun
4076,4
4077,2063
4080,putrid mummies
4081,3
4082,2978
4085,quara constrictor scouts
4086,1
4087,761
4090,quara constrictors
4091,0
4092,462
4095,quara hydromancer scouts
4096,0
4097,840
4100,quara hydromancers
4101,0
4102,174
4105,quara mantassin scouts
4106,0
4107,563
4110,quara mantassins
4111,0
4112,333
4115,quara pincher scouts
4116,0
4117,861
4120,quara pinchers
4121,0
4122,221
4125,quara predator scouts
4126,0
4127,981
4130,quara predators
4131,2
4132,140
4135,rabbits
4136,0
4137,1333
4140,rage squids
4141,0
4142,1795
4145,raging mages
4146,0
4147,0
4150,rats
4151,0
4152,1553
4155,ravennous hunger
4156,0
4157,10
4160,ravenous lava lurkers
4161,1
4162,7558
4165,reality reaver
4166,1
4167,5
4170,reality reavers
4171,0
4172,942
4175,reflections of Mawhawk
4176,0
4177,2
4180,reflections of Obujos
4181,0
4182,1
4185,reflections of a Mage
4186,0
4187,3
4190,renegade knights
4191,6
4192,6629
4195,renegade orcs
4196,0
4197,2
4200,retching horrors
4201,0
4202,3770
4205,rift broods
4206,0
4207,0
4210,rift fragments
4211,0
4212,0
4215,rift invaders
4216,0
4217,0
4220,rift scythes
4221,0
4222,0
4225,rift worms
4226,0
4227,0
4230,ripper spectres
4231,1
4232,5057
4235,roaring lions
4236,0
4237,3146
4240,rorcs
4241,0
4242,161
4245,rot elementals
4246,1
4247,3941
4250,rotworms
4251,3
4252,6642
4255,rustheap golems
4256,0
4257,2220
4260,sacred snakes
4261,0
4262,0
4265,sacred spiders
4266,0
4267,93
4270,salamander trainers
4271,0
4272,0
4275,salamanders
4276,0
4277,677
4280,sand broods
4281,0
4282,0
4285,sandcrawlers
4286,0
4287,2289
4290,sandstone scorpions
4291,0
4292,29
4295,scar tribe warriors
4296,0
4297,1
4300,scarabs
4301,0
4302,3126
4305,scorn of the emperor
4306,0
4307,0
4310,scorpions
4311,3
4312,4216
4315,sea serpents
4316,1
4317,2998
4320,seacrest serpents
4321,0
4322,0
4325,seagulls
4326,0
4327,364
4330,serpent spawns
4331,4
4332,6350
4335,shaburak demons
4336,0
4337,6
4340,shaburak lords
4341,0
4342,0
4345,shadow fiends
4346,0
4347,179
4350,shadow pupils
4351,0
4352,383
4355,shadow tentacles
4356,0
4357,15
4360,shaper matriarches
4361,0
4362,9
4365,sharks
4366,0
4367,57
4370,sheep
4371,0
4372,198
4375,shimmying butterflies
4376,0
4377,1
4380,shiversleeps
4381,0
4382,0
4385,shock heads
4386,0
4387,120
4390,sibangs
4391,0
4392,4222
4395,sights of surrender
4396,1
4397,17
4400,silencers
4401,7
4402,4287
4405,silver rabbits
4406,0
4407,417
4410,skeleton elite warriors
4411,3
4412,6338
4415,skeleton warriors
4416,0
4417,261
4420,skeletons
4421,0
4422,7638
4425,skunks
4426,0
4427,272
4430,slimes
4431,3
4432,2427
4435,slippery northern pikes
4436,0
4437,0
4440,slugs
4441,4
4442,651
4445,smugglers
4446,0
4447,1364
4450,snake god essence
4451,0
4452,0
4455,snake thing
4456,0
4457,0
4460,snakes
4461,0
4462,3688
4465,sons of verminor
4466,0
4467,1
4470,soul-broken harbingers
4471,2
4472,973
4475,souleaters
4476,0
4477,1877
4480,sparkions
4481,0
4482,936
4485,sparks of destruction
4486,0
4487,571
4490,spawns of the welter
4491,0
4492,0
4495,spectres
4496,0
4497,734
4500,sphinxes
4501,17
4502,3279
4505,spiders
4506,0
4507,1797
4510,spidris
4511,0
4512,596
4515,spidris elite
4516,0
4517,139
4520,spiky carnivors
4521,2
4522,7316
4525,spirits of earth
4526,0
4527,2
4530,spirits of fire
4531,0
4532,2
4535,spirits of water
4536,0
4537,2
4540,spit nettles
4541,0
4542,326
4545,spite of the emperor
4546,0
4547,0
4550,spitters
4551,0
4552,1279
4555,squid wardens
4556,0
4557,531
4560,squidgy slimes
4561,0
4562,1820
4565,squirrels
4566,0
4567,705
4570,stabilizing dread intruders
4571,0
4572,188
4575,stabilizing reality reavers
4576,0
4577,181
4580,stalkers
4581,0
4582,1493
4585,stampors
4586,0
4587,244
4590,starving wolves
4591,0
4592,0
4595,stone devourers
4596,0
4597,9
4600,stone golems
4601,0
4602,2056
4605,stone rhinos
4606,0
4607,4
4610,stonerefiners
4611,2
4612,6854
4615,strange rats
4616,0
4617,237
4620,strange slimes
4621,0
4622,2
4625,sun-marked goannas
4626,0
4627,0
4630,swamp trolls
4631,0
4632,21449
4635,swamplings
4636,0
4637,1586
4640,swan maidens
4641,0
4642,273
4645,swarmer hatchlings
4646,0
4647,2
4650,swarmers
4651,0
4652,1180
4655,swords of vengeance
4656,0
4657,0
4660,tainted souls
4661,0
4662,81
4665,tarantulas
4666,0
4667,11736
4670,tarnished spirits
4671,0
4672,234
4675,terramites
4676,0
4677,1516
4680,terrified elephants
4681,0
4682,0
4685,terror birds
4686,2
4687,368
4690,terrorsleeps
4691,0
4692,6
4695,thanatursuses
4696,2
4697,1720
4700,thawing dragon lords
4701,0
4702,2
4705,the enraged Thorn Knight
4706,0
4707,3
4710,thieves
4711,0
4712,2
4715,thieving squirrels
4716,0
4717,5
4720,thorn minions
4721,0
4722,191
4725,thorn steeds
4726,0
4727,3
4730,thornback tortoises
4731,0
4732,9977
4735,thornfire wolves
4736,0
4737,5
4740,tigers
4741,1
4742,326
4745,time keepers
4746,0
4747,64
4750,toads
4751,0
4752,2081
4755,tomb servants
4756,0
4757,209
4760,tormented ghosts
4761,0
4762,17
4765,tortoises
4766,0
4767,8483
4770,troll champions
4771,0
4772,159
4775,troll guards
4776,0
4777,0
4780,troll legionnaires
4781,0
4782,64
4785,troll marauders
4786,0
4787,2
4790,troll-trained salamanders
4791,8
4792,2563
4795,trolls
4796,0
4797,1879
4800,true dawnfire asuras
4801,0
4802,139
4805,true frost flower asuras
4806,0
4807,17
4810,true midnight asuras
4811,0
4812,107
4815,tunnel tyrants
4816,0
4817,4610
4820,twisted pookas
4821,0
4822,512
4825,twisted shapers
4826,0
4827,27
4830,ugly monsters
4831,0
4832,59
4835,unbound blightwalkers
4836,0
4837,7
4840,unbound defilers
4841,0
4842,2
4845,unbound demon outcasts
4846,0
4847,2
4850,unbound demons
4851,0
4852,8
4855,undead cavebears
4856,0
4857,0
4860,undead dragons
4861,0
4862,15
4865,undead elite gladiators
4866,2
4867,4206
4870,undead gladiators
4871,1
4872,5821
4875,undead mine workers
4876,0
4877,0
4880,undead prospectors
4881,0
4882,0
4885,unstable sparks
4886,0
4887,22
4890,valkyries
4891,1
4892,6157
4895,vampire brides
4896,0
4897,1120
4900,vampire pigs
4901,0
4902,15
4905,vampire viscounts
4906,3
4907,948
4910,vampires
4911,3
4912,2406
4915,vermin swarms
4916,0
4917,0
4920,vexclaws
4921,0
4922,2664
4925,vicious squires
4926,7
4927,13071
4930,vile grandmasters
4931,5
4932,3271
4935,vulcongras
4936,0
4937,371
4940,wailing widows
4941,0
4942,698
4945,walkers
4946,0
4947,14
4950,war golems
4951,1
4952,764
4955,war wolves
4956,0
4957,11419
4960,warlocks
4961,0
4962,404
4965,waspoids
4966,0
4967,1250
4970,wasps
4971,1
4972,6034
4975,water buffalos
4976,0
4977,57
4980,water elementals
4981,1
4982,2924
4985,weakened demons
4986,0
4987,1
4990,weakened frazzlemaws
4991,1
4992,11753
4995,weepers
4996,0
4997,0
5000,werebadgers
5001,0
5002,4618
5005,werebears
5006,1
5007,2109
5010,wereboars
5011,6
5012,3437
5015,werefoxes
5016,0
5017,3808
5020,werewolves
5021,2
5022,1427
5025,white deer
5026,0
5027,151
5030,white shades
5031,0
5032,35
5035,wigglers
5036,0
5037,471
5040,wild warriors
5041,0
5042,2099
5045,wilting leaf golems
5046,0
5047,343
5050,winter wolves
5051,0
5052,1566
5055,wisps
5056,0
5057,167
5060,witches
5061,0
5062,2558
5065,wolves
5066,2
5067,4336
5070,woodlings
5071,2
5072,827
5075,worker golems
5076,0
5077,325
5080,worm priestesses
5081,9
5082,7896
5085,wrath of the emperor
5086,0
5087,0
5090,wyrms
5091,6
5092,12505
5095,wyverns
5096,1
5097,2257
5100,yalahari despoilers
5101,0
5102,0
5105,yielothax
5106,1
5107,1596
5110,young goannas
5111,1
5112,83
5115,young sea serpents
5116,0
5117,3385
5120,young trolls
5121,0
5122,36
5125,zombies
5126,0
5127,859
5130,Total
5131,1176
5132,1029419
